{"noiseKey":{"private":{"type":"Buffer","data":"6F0QT9O8iihFMOtgRWGwW6jgNEIqYq358NduxOgO714="},"public":{"type":"Buffer","data":"TKrFnj1FISswIDuYoG3Gx+GQKI7ekHsE8yBLBfWimXw="}},"pairingEphemeralKeyPair":{"private":{"type":"Buffer","data":"mP4aTJU+xNvRafuujMPPKKAumVnJDgRO6X5Et86MnXA="},"public":{"type":"Buffer","data":"gtGT4QcM09ZUsMMy3REXkc4x4angEwz4YpIwbOIpVk4="}},"signedIdentityKey":{"private":{"type":"Buffer","data":"gNbGfXqOjl6WcKJqp33RsEJgYpctukpSV2JYPhyt73Q="},"public":{"type":"Buffer","data":"5dpJ1ZL1iTfj+B8DiVZi1+xcOipX2c1Pvue2Za0sPDU="}},"signedPreKey":{"keyPair":{"private":{"type":"Buffer","data":"WFhJk5rF4EDVjPtH1zGWJbVQTU95MK+Vzzv9GNxLXkY="},"public":{"type":"Buffer","data":"60AgmErHsAN7lekqwGfcM0TV/Dct7Xsxigm9mLXQfEk="}},"signature":{"type":"Buffer","data":"NfaSwEaNA8PTIM/cqKnZn0wiJ0SH/rVyyd/xt9xe29xteUb//kNzxcP2fqdwQ+fYDCe0r7b7HIGUlaEVQ5JaBQ=="},"keyId":1},"registrationId":155,"advSecretKey":"09otp9U4JYNK7FS+wejAK07lHHo/b+DIR9GZyVmzi7s=","processedHistoryMessages":[{"key":{"remoteJid":"2349151864541@s.whatsapp.net","fromMe":true,"id":"403BBB22919A746FEABC889340EA47E4"},"messageTimestamp":1729139452},{"key":{"remoteJid":"2349151864541@s.whatsapp.net","fromMe":true,"id":"2F57940E792657677BFF7FC3BD01574F"},"messageTimestamp":1729139456},{"key":{"remoteJid":"2349151864541@s.whatsapp.net","fromMe":true,"id":"C2A4FA3AB6FA81A4527761A1160D0775"},"messageTimestamp":1729139501},{"key":{"remoteJid":"2349151864541@s.whatsapp.net","fromMe":true,"id":"61867D4F3F29C2998CD5A6E22E55860F"},"messageTimestamp":1729139501}],"nextPreKeyId":181,"firstUnuploadedPreKeyId":181,"accountSyncCounter":1,"accountSettings":{"unarchiveChats":false},"deviceId":"kZ23awRGR3y5rGXIimkoHA","phoneId":"04178e76-1060-4eee-bf8f-85d42115d696","identityId":{"type":"Buffer","data":"cYCqXIkKdyj0KSN6BgyJHXfoXG8="},"registered":true,"backupToken":{"type":"Buffer","data":"kJ3xSiAkCZDt1m5MFIEnsL82teE="},"registration":{},"pairingCode":"FPFFQKJW","me":{"id":"2349151864541:37@s.whatsapp.net","name":"𓆩Ⱦⱥīɍⱥ Ⱦēȼħ𓆪","lid":"51759170981969:37@lid"},"account":{"details":"CKqsz5oEEOqlwrgGGAEgACgA","accountSignatureKey":"hUrK96d+Ho6W+0EyY7sxaPf2YXKKdhBmOriEEEsnHGc=","accountSignature":"Y4zWO8ijEJ/x9Ig0Y2f4+EvgamXX24cf6ZdoAd6USR3LS9u1OznR/EJe4oXdqooanckjLXHWzVOqGoLO1dKCDg==","deviceSignature":"LDYX/RGwYjGenZxwPMtrORChlB+Lc+PuFAu35d1uv9dOYzKY5sSWiF5dBMm864tStUHZ+IxsaLHO/CTlCR1ODw=="},"signalIdentities":[{"identifier":{"name":"2349151864541:37@s.whatsapp.net","deviceId":0},"identifierKey":{"type":"Buffer","data":"BYVKyvenfh6OlvtBMmO7MWj39mFyinYQZjq4hBBLJxxn"}}],"platform":"smba","lastAccountSyncTimestamp":1729139818,"myAppStateKeyId":"AAAAAM6c"}
